"API","API10","oper_alias","Form_Avg","PerfLL","FirstProd","Oil_PkNorm_PerK_6mo"
"42383005080100","4238300508","PIONEER","SPBY_JO_MILL",1006,1/1/1964,44249
"42383338860100","4238333886","APACHE","STRAWN+",565,10/1/1988,13060
"42383381320000","4238338132","PIONEER","UNKNOWN",null,null,null
"42383381340000","4238338134","PIONEER","UNKNOWN",null,null,null
"42383381380000","4238338138","PIONEER","WFMP_B",null,null,null
"42383381387000","4238338138","PIONEER","UNKNOWN",7382,5/1/2013,5071
"42383381510000","4238338151","SABLE","UNKNOWN",null,null,null
"42383381510100","4238338151","SABLE","WFMP_B_LOWER",null,null,null
"42383381540000","4238338154","FDL","UNKNOWN",null,null,null
"42383381550000","4238338155","FDL","UNKNOWN",null,null,null
"42383381780000","4238338178","PIONEER","UNKNOWN",null,null,null
"42383382050000","4238338205","ENDURING","UNKNOWN",null,null,null
"42383382060000","4238338206","ENDURING","UNKNOWN",null,null,null
"42383382110000","4238338211","CALLON","WFMP_B_LOWER",null,null,null
"42383382117000","4238338211","CALLON","WFMP_B",4690,7/1/2013,7362
"42383382410000","4238338241","WTG","UNKNOWN",null,null,null
"42383382510000","4238338251","EP","UNKNOWN",null,null,null
"42383382590000","4238338259","PT","WFMP_B_LOWER",0,null,null
"42383382720000","4238338272","ENDURING","UNKNOWN",null,null,null
"42383382760000","4238338276","PT","WFMP_B_LOWER",null,null,null
"42383382770000","4238338277","PT","WFMP_B_LOWER",null,null,null
"42383382900100","4238338290","FDL","WFMP_B_LOWER",null,null,null
"42383382910000","4238338291","FDL","WFMP_B_LOWER",null,null,null
"42383382950000","4238338295","FDL","UNKNOWN",null,null,null
"42383382960000","4238338296","SABLE","UNKNOWN",null,null,null
"42383383000000","4238338300","LAREDO","WFMP_A",4183,null,null
"42383383150000","4238338315","APACHE","WFMP_B_LOWER",null,null,null
"42383383157000","4238338315","APACHE","WFMP_B_LOWER",6849,1/1/2014,8233
"42383383740000","4238338374","EP","UNKNOWN",null,null,null
"42383383900000","4238338390","CALLON","WFMP_B_LOWER",null,null,null
"42383383907000","4238338390","CALLON","WFMP_B_LOWER",7710,12/1/2013,5308
"42383383940000","4238338394","SABLE","WFMP_B",null,null,null
"42383384020000","4238338402","LAREDO","SPBY_L_SHALE",null,null,null
"42383384200000","4238338420","PIONEER","WFMP_B",null,null,null
"42383384200100","4238338420","PIONEER","UNKNOWN",null,null,null
"42383384210000","4238338421","PIONEER","UNKNOWN",null,null,null
"42383384230000","4238338423","PIONEER","WFMP_B_LOWER",null,null,null
"42383384237000","4238338423","PIONEER","WFMP_B_LOWER",7142,3/1/2014,3454
"42383384240000","4238338424","PIONEER","WFMP_B",null,null,null
"42383384247000","4238338424","PIONEER","WFMP_B",7142,3/1/2014,6541
"42383384260000","4238338426","APACHE","WFMP_B_LOWER",null,null,null
"42383384267000","4238338426","APACHE","WFMP_B_LOWER",4195,4/1/2014,5018
"42383384400000","4238338440","SABLE","WFMP_B",null,null,null
"42383384420000","4238338442","SABLE","WFMP_B_LOWER",0,null,null
"42383385030000","4238338503","SABLE","WFMP_B_LOWER",null,null,null
"42383385030100","4238338503","SABLE","WFMP_B_LOWER",0,null,null
"42383385260000","4238338526","LAREDO","UNKNOWN",null,null,null
"42383385270000","4238338527","LAREDO","UNKNOWN",null,null,null
"42383385340000","4238338534","PIONEER","UNKNOWN",null,null,null
"42383385350000","4238338535","PIONEER","UNKNOWN",null,null,null
"42383385360000","4238338536","PIONEER","UNKNOWN",null,null,null
"42383385470000","4238338547","PIONEER","UNKNOWN",null,null,null
"42383385500000","4238338550","PIONEER","UNKNOWN",null,null,null
"42383385610000","4238338561","LAREDO","WFMP_B",null,null,null
"42383385620000","4238338562","LAREDO","WFMP_A",null,null,null
"42383385730000","4238338573","SABLE","UNKNOWN",null,null,null
"42383385880000","4238338588","ENDURING","UNKNOWN",null,null,null
"42383385960100","4238338596","BTA","WFMP_B",null,null,null
"42383385960200","4238338596","BTA","WFMP_B",null,null,null
"42383385960300","4238338596","BTA","WFMP_B",null,null,null
"42383386140000","4238338614","SABLE","WFMP_B",5177,6/1/2014,13003
"42383386160000","4238338616","APACHE","UNKNOWN",null,null,null
"42383386170000","4238338617","APACHE","UNKNOWN",null,null,null
"42383386310000","4238338631","APACHE","WFMP_B_LOWER",null,null,null
"42383386320000","4238338632","APACHE","UNKNOWN",null,null,null
"42383386350000","4238338635","APACHE","UNKNOWN",null,null,null
"42383386490000","4238338649","EP","WFMP_B_LOWER",null,null,null
"42383386650000","4238338665","LAREDO","UNKNOWN",null,null,null
"42383386660000","4238338666","LAREDO","UNKNOWN",null,null,null
"42383386740000","4238338674","BOLD","WFMP_B_LOWER",5380,10/1/2014,4344
"42383386960000","4238338696","APACHE","UNKNOWN",null,null,null
"42383386990000","4238338699","APACHE","UNKNOWN",null,null,null
"42383387030000","4238338703","APACHE","WFMP_B_LOWER",null,null,null
"42383387037000","4238338703","APACHE","WFMP_B_LOWER",null,null,null
"42383387037100","4238338703","APACHE","WFMP_B_LOWER",3498,7/1/2014,11699
"42383387150000","4238338715","PIONEER","WFMP_B_LOWER",null,null,null
"42383387157000","4238338715","PIONEER","WFMP_B_LOWER",6908,8/1/2014,3989
"42383387260000","4238338726","BOLD","WFMP_A",null,null,null
"42383387267000","4238338726","BOLD","WFMP_B_LOWER",6699,11/1/2014,4945
"42383387340000","4238338734","DEVON","UNKNOWN",null,null,null
"42383387350000","4238338735","DEVON","UNKNOWN",null,null,null
"42383387390000","4238338739","EP","WFMP_B_LOWER",null,null,null
"42383387410000","4238338741","EP","UNKNOWN",null,null,null
"42383387420000","4238338742","EP","UNKNOWN",null,null,null
"42383387430000","4238338743","EP","UNKNOWN",null,null,null
"42383387440000","4238338744","EP","UNKNOWN",null,null,null
"42383387450000","4238338745","EP","UNKNOWN",null,null,null
"42383387460000","4238338746","EP","UNKNOWN",null,null,null
"42383387470000","4238338747","PIONEER","UNKNOWN",null,null,null
"42383387480000","4238338748","PIONEER","UNKNOWN",null,null,null
"42383387550000","4238338755","APACHE","UNKNOWN",null,null,null
"42383387670000","4238338767","EP","UNKNOWN",null,null,null
"42383387690000","4238338769","EP","UNKNOWN",null,null,null
"42383387700000","4238338770","EP","UNKNOWN",null,null,null
"42383387960000","4238338796","LAREDO","UNKNOWN",null,null,null
"42383388050000","4238338805","APACHE","UNKNOWN",null,null,null
"42383388070000","4238338807","APACHE","UNKNOWN",null,null,null
"42383388120100","4238338812","APACHE","WFMP_B_LOWER",null,null,null
"42383388180000","4238338818","APACHE","UNKNOWN",null,null,null
"42383388310000","4238338831","APACHE","UNKNOWN",null,null,null
"42383388330000","4238338833","EP","WFMP_B_LOWER",null,null,null
"42383388360000","4238338836","ENDURING","UNKNOWN",null,null,null
"42383388370000","4238338837","EP","UNKNOWN",null,null,null
"42383388380000","4238338838","EP","UNKNOWN",null,null,null
"42383388390000","4238338839","EP","UNKNOWN",null,null,null
"42383388400000","4238338840","EP","UNKNOWN",null,null,null
"42383388410000","4238338841","EP","UNKNOWN",null,null,null
"42383388420000","4238338842","EP","UNKNOWN",null,null,null
"42383388460000","4238338846","ENDURING","UNKNOWN",null,null,null
"42383388470000","4238338847","ENDURING","UNKNOWN",null,null,null
"42383388480000","4238338848","ENDURING","UNKNOWN",null,null,null
"42383388630000","4238338863","APACHE","UNKNOWN",null,null,null
"42383388640000","4238338864","APACHE","UNKNOWN",null,null,null
"42383388650000","4238338865","APACHE","UNKNOWN",null,null,null
"42383388660000","4238338866","APACHE","UNKNOWN",null,null,null
"42383388690000","4238338869","EP","UNKNOWN",null,null,null
"42383388710000","4238338871","EP","WFMP_B_LOWER",null,null,null
"42383388740000","4238338874","ENDURING","UNKNOWN",null,null,null
"42383388750000","4238338875","ENDURING","UNKNOWN",null,null,null
"42383388770000","4238338877","ENDURING","UNKNOWN",null,null,null
"42383388780000","4238338878","ENDURING","UNKNOWN",null,null,null
"42383388790000","4238338879","ENDURING","UNKNOWN",null,null,null
"42383388800000","4238338880","ENDURING","UNKNOWN",null,null,null
"42383388820000","4238338882","APACHE","UNKNOWN",null,null,null
"42383388840000","4238338884","APACHE","UNKNOWN",null,null,null
"42383388880000","4238338888","EP","WFMP_B_LOWER",null,null,null
"42383388880100","4238338888","EP","WFMP_B_LOWER",null,null,null
"42383388890000","4238338889","APACHE","UNKNOWN",null,null,null
"42383388900000","4238338890","APACHE","UNKNOWN",null,null,null
"42383388950000","4238338895","ENDURING","UNKNOWN",null,null,null
"42383388960000","4238338896","ENDURING","UNKNOWN",null,null,null
"42383388970000","4238338897","ENDURING","UNKNOWN",null,null,null
"42383388980000","4238338898","ENDURING","UNKNOWN",null,null,null
"42383388990000","4238338899","ENDURING","UNKNOWN",null,null,null
"42383389000000","4238338900","ENDURING","UNKNOWN",null,null,null
"42383389010000","4238338901","ENDURING","UNKNOWN",null,null,null
"42383389020000","4238338902","ENDURING","UNKNOWN",null,null,null
"42383389040000","4238338904","ENDURING","UNKNOWN",null,null,null
"42383389130000","4238338913","APACHE","UNKNOWN",null,null,null
"42383389140000","4238338914","APACHE","UNKNOWN",null,null,null
"42383389200000","4238338920","ENDURING","UNKNOWN",null,null,null
"42383389210000","4238338921","ENDURING","UNKNOWN",null,null,null
"42383389220000","4238338922","ENDURING","UNKNOWN",null,null,null
"42383389230000","4238338923","ENDURING","UNKNOWN",null,null,null
"42383389250000","4238338925","PIONEER","UNKNOWN",null,null,null
"42383389330000","4238338933","ENDURING","UNKNOWN",null,null,null
"42383389340000","4238338934","ENDURING","UNKNOWN",null,null,null
"42383389360000","4238338936","APACHE","UNKNOWN",null,null,null
"42383389380000","4238338938","APACHE","UNKNOWN",null,null,null
"42383389570000","4238338957","ENDURING","UNKNOWN",null,null,null
"42383389580000","4238338958","ENDURING","UNKNOWN",null,null,null
"42383389590000","4238338959","ENDURING","UNKNOWN",null,null,null
"42383389700000","4238338970","ENDURING","UNKNOWN",null,null,null
"42383389710000","4238338971","ENDURING","UNKNOWN",null,null,null
"42383389720000","4238338972","ENDURING","UNKNOWN",null,null,null
"42383389730000","4238338973","ENDURING","UNKNOWN",null,null,null
"42383389740000","4238338974","ENDURING","UNKNOWN",null,null,null
"42383389750000","4238338975","ENDURING","UNKNOWN",null,null,null
"42383389770000","4238338977","ENDURING","UNKNOWN",null,null,null
"42383389780000","4238338978","ENDURING","UNKNOWN",null,null,null
"42383389800000","4238338980","ENDURING","UNKNOWN",null,null,null
"42383389810000","4238338981","ENDURING","UNKNOWN",null,null,null
"42383389830000","4238338983","ENDURING","UNKNOWN",null,null,null
"42383389870000","4238338987","ENDURING","UNKNOWN",null,null,null
"42383389880000","4238338988","ENDURING","UNKNOWN",null,null,null
"42383389930000","4238338993","OXY","WFMP_C",0,null,null
"42383389940000","4238338994","OXY","WFMP_B",0,null,null
"42383389950000","4238338995","ENDURING","UNKNOWN",null,null,null
"42383389970000","4238338997","PIONEER","UNKNOWN",null,null,null
"42383389980000","4238338998","PIONEER","UNKNOWN",null,null,null
"42383389990000","4238338999","PIONEER","UNKNOWN",null,null,null
"42383390000000","4238339000","PIONEER","UNKNOWN",null,null,null
"42383390030000","4238339003","ENDURING","UNKNOWN",null,null,null
"42383390120000","4238339012","ENDURING","UNKNOWN",null,null,null
"42383390160000","4238339016","ENDURING","UNKNOWN",null,null,null
"42383390180000","4238339018","ENDURING","UNKNOWN",null,null,null
"42383390190000","4238339019","ENDURING","UNKNOWN",null,null,null
"42383390200000","4238339020","ENDURING","UNKNOWN",null,null,null
"42383390210000","4238339021","ENDURING","UNKNOWN",null,null,null
"42383390220000","4238339022","ENDURING","UNKNOWN",null,null,null
"42383390240000","4238339024","ENDURING","UNKNOWN",null,null,null
"42383390260000","4238339026","ENDURING","UNKNOWN",null,null,null
"42383390270000","4238339027","ENDURING","UNKNOWN",null,null,null
"42383390280000","4238339028","LAREDO","UNKNOWN",null,null,null
"42383390290000","4238339029","ENDURING","UNKNOWN",null,null,null
"42383390300000","4238339030","ENDURING","UNKNOWN",null,null,null
"42383390310000","4238339031","ENDURING","UNKNOWN",null,null,null
"42383390420000","4238339042","APACHE","UNKNOWN",null,null,null
"42383390440000","4238339044","APACHE","UNKNOWN",null,null,null
"42383390450000","4238339045","EOG","UNKNOWN",null,null,null
"42383390460000","4238339046","EOG","UNKNOWN",null,null,null
"42383390470000","4238339047","EOG","UNKNOWN",null,null,null
"42383390480000","4238339048","EOG","UNKNOWN",null,null,null
"42383390540000","4238339054","APACHE","UNKNOWN",null,null,null
"42383390780000","4238339078","LAREDO","UNKNOWN",null,null,null
"42383390790000","4238339079","CALLON","UNKNOWN",null,null,null
"42383390810000","4238339081","CALLON","UNKNOWN",null,null,null
"42383390820000","4238339082","LAREDO","WFMP_C_TARGET",4653,2/1/2015,6629
"42383390830000","4238339083","LAREDO","UNKNOWN",null,null,null
"42383390940000","4238339094","PIONEER","UNKNOWN",null,null,null
"42383390960000","4238339096","PIONEER","UNKNOWN",null,null,null
"42383391000000","4238339100","OXY","WFMP_C_TARGET",null,null,null
"42383391150000","4238339115","PIONEER","UNKNOWN",null,null,null
"42383391190000","4238339119","ELEVATION","UNKNOWN",null,null,null
"42383391200000","4238339120","ELEVATION","UNKNOWN",null,null,null
"42383391210000","4238339121","ENDURING","UNKNOWN",null,null,null
"42383391270000","4238339127","CALLON","UNKNOWN",0,null,null
"42383391330000","4238339133","CALLON","WFMP_B",null,null,null
"42383391330100","4238339133","CALLON","WFMP_B",null,null,null
"42383391340000","4238339134","CALLON","UNKNOWN",null,null,null
"42383327870100","4238332787","APACHE","UNKNOWN",null,12/1/1983,null
"42383331250100","4238333125","PIONEER","SPBY_JO_MILL",3576,8/1/1984,1062
"42383371360000","4238337136","EP","WFMP_B_LOWER",null,null,null
"42383371367000","4238337136","EL PASO","WFMP_B",0,null,null
"42383371400000","4238337140","LAREDO","WFMP_D",null,null,null
"42383371400001","4238337140","LAREDO","UNKNOWN",1656,12/1/2011,1556
"42383372030000","4238337203","EL PASO","UNKNOWN",null,null,null
"42383372050000","4238337205","EL PASO","UNKNOWN",null,null,null
"42383372640000","4238337264","JAMEX","UNKNOWN",null,null,null
"42383372650000","4238337265","GULF","UNKNOWN",null,null,null
"42383372840000","4238337284","EL PASO","UNKNOWN",null,null,null
"42383373740000","4238337374","FDL","WFMP_B",null,null,null
"42383373747000","4238337374","FDL","WFMP_B",1453,10/1/2011,7935
"42383374080000","4238337408","PIONEER","UNKNOWN",null,null,null
"42383374150000","4238337415","PIONEER","UNKNOWN",null,null,null
"42383374510100","4238337451","PT","WFMP_B",null,null,null
"42383374510200","4238337451","PT","WFMP_B",null,null,null
"42383374760000","4238337476","EOG","UNKNOWN",null,null,null
"42383374900000","4238337490","SEM","WFMP_B",null,null,null
"42383374907000","4238337490","SEM","UNKNOWN",7209,8/1/2012,4423
"42383375060000","4238337506","EL PASO","UNKNOWN",null,null,null
"42383375180000","4238337518","EP","WFMP_B",null,null,null
"42383375180100","4238337518","EP","UNKNOWN",0,null,null
"42383375230000","4238337523","EL PASO","UNKNOWN",null,null,null
"42383375620000","4238337562","EP","WFMP_B",null,null,null
"42383375627000","4238337562","EP","WFMP_B",6947,3/1/2012,4600
"42383375770000","4238337577","DEVON","WFMP_B_LOWER",0,4/1/2012,null
"42383375930000","4238337593","LAREDO","WFMP_A",null,null,null
"42383376180000","4238337618","PETROHAWK","UNKNOWN",null,null,null
"42383376190000","4238337619","FDL","WFMP_B",null,null,null
"42383376197000","4238337619","FDL","WFMP_C",3613,3/1/2012,3199
"42383376210000","4238337621","SAMSON","UNKNOWN",null,null,null
"42383376440000","4238337644","DEVON","UNKNOWN",null,null,null
"42383376690000","4238337669","SABLE","WFMP_A",null,null,null
"42383376697000","4238337669","SABLE","UNKNOWN",6704,7/1/2012,5749
"42383376790000","4238337679","DEVON","UNKNOWN",null,null,null
"42383376920000","4238337692","PIONEER","UNKNOWN",null,null,null
"42383377120000","4238337712","EOG","UNKNOWN",null,null,null
"42383377140000","4238337714","EOG","UNKNOWN",null,null,null
"42383377150000","4238337715","EOG","UNKNOWN",null,null,null
"42383377160000","4238337716","EOG","UNKNOWN",null,null,null
"42383377170000","4238337717","EOG","UNKNOWN",null,null,null
"42383377180000","4238337718","EOG","UNKNOWN",null,null,null
"42383377330000","4238337733","ENDURING","UNKNOWN",null,null,null
"42383377370000","4238337737","ENDURING","UNKNOWN",null,null,null
"42383377470000","4238337747","BERRY","UNKNOWN",null,null,null
"42383377480000","4238337748","BERRY","UNKNOWN",null,null,null
"42383377490000","4238337749","BERRY","UNKNOWN",null,null,null
"42383377570000","4238337757","BERRY","UNKNOWN",null,null,null
"42383377710000","4238337771","EOG","UNKNOWN",null,null,null
"42383377740000","4238337774","LAREDO","WFMP_C_TARGET",null,null,null
"42383377747000","4238337774","LAREDO","WFMP_C",6933,9/1/2012,7516
"42383377760000","4238337776","EOG","UNKNOWN",null,null,null
"42383377860000","4238337786","PIONEER","UNKNOWN",null,null,null
"42383378110000","4238337811","ENDURING","UNKNOWN",null,null,null
"42383378190000","4238337819","ENDURING","UNKNOWN",null,null,null
"42383378360000","4238337836","PETROHAWK","UNKNOWN",null,null,null
"42383378370000","4238337837","PETROHAWK","UNKNOWN",null,null,null
"42383378380000","4238337838","PETROHAWK","UNKNOWN",null,null,null
"42383378520000","4238337852","PETROHAWK","UNKNOWN",null,null,null
"42383378530000","4238337853","PETROHAWK","UNKNOWN",null,null,null
"42383378540000","4238337854","PETROHAWK","UNKNOWN",null,null,null
"42383379330000","4238337933","ENDURING","UNKNOWN",null,null,null
"42383379390000","4238337939","SABLE","UNKNOWN",null,null,null
"42383379700000","4238337970","PIONEER","UNKNOWN",null,null,null
"42383379930000","4238337993","ENDURING","UNKNOWN",null,null,null
"42383379950000","4238337995","ENDURING","UNKNOWN",null,null,null
"42383379960000","4238337996","ENDURING","UNKNOWN",null,null,null
"42383380060000","4238338006","ENDURING","UNKNOWN",null,null,null
"42383380250000","4238338025","CALLON","WFMP_B",null,null,null
"42383380257000","4238338025","CALLON","WFMP_B",4771,2/1/2013,4466
"42383380280000","4238338028","PIONEER","UNKNOWN",null,null,null
"42383380320000","4238338032","ENDURING","UNKNOWN",null,null,null
"42383380340000","4238338034","ENDURING","UNKNOWN",null,null,null
"42383380480000","4238338048","PIONEER","UNKNOWN",null,null,null
"42383380540000","4238338054","SABLE","WFMP_B",null,null,null
"42383380547000","4238338054","SABLE","UNKNOWN",7737,12/1/2013,3127
"42383380550000","4238338055","PIONEER","UNKNOWN",null,null,null
"42383380600000","4238338060","ENDURING","UNKNOWN",null,null,null
"42383380610000","4238338061","LAREDO","UNKNOWN",null,null,null
"42383380630000","4238338063","ENDURING","UNKNOWN",null,null,null
"42383380660000","4238338066","PIONEER","UNKNOWN",null,null,null
"42383380670000","4238338067","PIONEER","UNKNOWN",null,null,null
"42383380690000","4238338069","PIONEER","UNKNOWN",null,null,null
"42383380700000","4238338070","SEM","WFMP_A",7480,8/1/2013,2452
"42383380850000","4238338085","FDL","WFMP_B_LOWER",48,null,null
"42383380920000","4238338092","CONOCO","UNKNOWN",null,null,null
"42383380950000","4238338095","SABLE","UNKNOWN",null,null,null
"42383381020000","4238338102","PIONEER","UNKNOWN",null,null,null
"42461010580100","4246101058","CHEVRON","UNKNOWN",null,null,null
"42461034620100","4246103462","EXXON","UNKNOWN",null,9/1/1967,null
"42461034630100","4246103463","EXXON","UNKNOWN",null,9/1/1967,null
"42461300420100","4246130042","EMERALD","UNKNOWN",283,1/1/1970,30314
"42461334600100","4246133460","CHEVRON","STRAWN+",1789,11/1/1994,14414
"42461335750100","4246133575","EOG","STRAWN+",null,null,null
"42461335880000","4246133588","CHEVRON","STRAWN+",null,null,null
"42461336520100","4246133652","CHEVRON","UNKNOWN",1631,10/1/1996,4717
"42461337530000","4246133753","PIONEER","SPBY_JO_MILL",null,null,null
"42461337660000","4246133766","PIONEER","SPBY_L_SILT",null,null,null
"42461337760000","4246133776","PIONEER","SPBY_JO_MILL",220,12/1/1997,15518
"42461338730000","4246133873","CHEVRON","UNKNOWN",null,null,null
"42461340910000","4246134091","CHEVRON","STRAWN+",null,null,null
"42461340910100","4246134091","CHEVRON","STRAWN+",4287,12/1/2000,7120
"42461341130000","4246134113","ENDEAVOR","STRAWN+",null,null,null
"42461341230000","4246134123","CHEVRON","STRAWN+",null,null,null
"42383013070100","4238301307","PIONEER","SPBY_L_SILT",null,null,null
"42383392480000","4238339248","LAREDO","UNKNOWN",null,null,null
"42383392490000","4238339249","LAREDO","UNKNOWN",null,null,null
"42383392530000","4238339253","PARSLEY","UNKNOWN",null,null,null
"42383392570000","4238339257","PIONEER","UNKNOWN",null,null,null
"42383392580000","4238339258","APACHE","UNKNOWN",null,null,null
"42383392590000","4238339259","APACHE","UNKNOWN",null,null,null
"42383392600000","4238339260","APACHE","UNKNOWN",null,null,null
"42383392630000","4238339263","APACHE","UNKNOWN",null,null,null
"42383392640000","4238339264","PIONEER","UNKNOWN",null,null,null
"42383392680000","4238339268","PIONEER","UNKNOWN",null,null,null
"42383392760000","4238339276","DEVON","UNKNOWN",null,null,null
"42383392830000","4238339283","PIONEER","UNKNOWN",null,null,null
"42383392840000","4238339284","PIONEER","UNKNOWN",null,null,null
"42383392850000","4238339285","PIONEER","UNKNOWN",null,null,null
"42383392860000","4238339286","APACHE","UNKNOWN",null,null,null
"42383392910000","4238339291","BTA","UNKNOWN",null,null,null
"42383392977000","4238339297","DISCOVERY","WFMP_A",8151,11/1/2017,null
"42383393070000","4238339307","DEVON","UNKNOWN",null,null,null
"42383393100000","4238339310","LAREDO","UNKNOWN",null,null,null
"42383393130000","4238339313","LAREDO","UNKNOWN",null,null,null
"42383393240000","4238339324","SABLE","UNKNOWN",null,null,null
"42383393290000","4238339329","EP","UNKNOWN",null,null,null
"42383393300000","4238339330","EP","UNKNOWN",null,null,null
"42383393310000","4238339331","EP","UNKNOWN",null,null,null
"42383393470000","4238339347","CALLON","WFMP_A",null,null,null
"42383393590000","4238339359","AMERICAN","UNKNOWN",null,null,null
"42383393600000","4238339360","AMERICAN","UNKNOWN",null,null,null
"42383393620000","4238339362","AMERICAN","UNKNOWN",null,null,null
"42383393670000","4238339367","LAREDO","UNKNOWN",null,null,null
"42383393740000","4238339374","LAREDO","UNKNOWN",null,null,null
"42383393770000","4238339377","LAREDO","UNKNOWN",null,null,null
"42383393790000","4238339379","SABLE","UNKNOWN",null,null,null
"42383393830000","4238339383","LAREDO","UNKNOWN",null,null,null
"42383393980000","4238339398","LAREDO","UNKNOWN",null,null,null
"42383393990000","4238339399","LAREDO","UNKNOWN",null,null,null
"42383394010000","4238339401","LAREDO","UNKNOWN",null,null,null
"42383394020000","4238339402","ELEVATION","UNKNOWN",null,null,null
"42383394030000","4238339403","ELEVATION","UNKNOWN",null,null,null
"42383394110000","4238339411","OXY","UNKNOWN",null,null,null
"42383394120000","4238339412","OXY","UNKNOWN",null,null,null
"42383394300000","4238339430","LAREDO","UNKNOWN",null,null,null
"42383394310000","4238339431","LAREDO","UNKNOWN",null,null,null
"42383394340000","4238339434","DISCOVERY","UNKNOWN",null,null,null
"42383394350000","4238339435","DISCOVERY","UNKNOWN",null,null,null
"42383394360000","4238339436","DISCOVERY","UNKNOWN",null,null,null
"42383394380000","4238339438","PARSLEY","UNKNOWN",null,null,null
"42383394410000","4238339441","OXY","UNKNOWN",null,null,null
"42383394450000","4238339445","CALLON","UNKNOWN",null,null,null
"42383394490000","4238339449","CALLON","UNKNOWN",null,null,null
"42383394510000","4238339451","CALLON","UNKNOWN",null,null,null
"42383394560000","4238339456","LAREDO","UNKNOWN",null,null,null
"42383394580000","4238339458","PARSLEY","UNKNOWN",null,null,null
"42383394690000","4238339469","LAREDO","UNKNOWN",null,null,null
"42383394710000","4238339471","LAREDO","UNKNOWN",null,null,null
"42383394730000","4238339473","LAREDO","UNKNOWN",null,null,null
"42383394770000","4238339477","SABLE","UNKNOWN",null,null,null
"42383394780000","4238339478","OXY","UNKNOWN",null,null,null
"42383394860000","4238339486","AMERICAN","UNKNOWN",null,null,null
"42383394910000","4238339491","AMERICAN","UNKNOWN",null,null,null
"42383394920000","4238339492","AMERICAN","UNKNOWN",null,null,null
"42383394930000","4238339493","AMERICAN","UNKNOWN",null,null,null
"42383394940000","4238339494","AMERICAN","UNKNOWN",null,null,null
"42383395100000","4238339510","AMERICAN","UNKNOWN",null,null,null
"42383395120000","4238339512","AMERICAN","UNKNOWN",null,null,null
"42383395130000","4238339513","AMERICAN","UNKNOWN",null,null,null
"42383395140000","4238339514","AMERICAN","UNKNOWN",null,null,null
"42383395180000","4238339518","AMERICAN","UNKNOWN",null,null,null
"42383395190000","4238339519","AMERICAN","UNKNOWN",null,null,null
"42383395230000","4238339523","DISCOVERY","UNKNOWN",null,null,null
"42383395290000","4238339529","PARSLEY","UNKNOWN",null,null,null
"42383395430000","4238339543","AMERICAN","UNKNOWN",null,null,null
"42383395440000","4238339544","AMERICAN","UNKNOWN",null,null,null
"42383395570100","4238339557","OXY","WFMP_B",null,null,null
"42383395580000","4238339558","OXY","WFMP_A",null,null,null
"42383395610000","4238339561","LAREDO","UNKNOWN",6027,null,null
"42383395850000","4238339585","PARSLEY","WFMP_B_LOWER",null,null,null
"42383395970000","4238339597","SABLE","WFMP_A",null,null,null
"42383396250000","4238339625","SABLE","WFMP_B_LOWER",null,null,null
"42383396380000","4238339638","LAREDO","UNKNOWN",null,null,null
"42383396660000","4238339666","BOLD","WFMP_B_LOWER",null,null,null
"42383397540000","4238339754","BOLD","WFMP_B_LOWER",null,null,null
"42383397567000","4238339756","OXY","WFMP_B_LOWER",9782,9/1/2017,9966
"42383397717000","4238339771","PARSLEY","WFMP_B",10438,7/1/2017,8364
"42383398180000","4238339818","SEM","WFMP_B",null,null,null
"42383398350000","4238339835","SABLE","WFMP_A",null,null,null
"42383399620000","4238339962","BOLD","WFMP_B",null,null,null
"42383400110000","4238340011","SABLE","WFMP_B_LOWER",null,null,null
"42383401820000","4238340182","LAREDO","UNKNOWN",null,null,null
"42383401870000","4238340187","LAREDO","UNKNOWN",null,null,null
"42383401880000","4238340188","LAREDO","UNKNOWN",null,null,null
"42383402170000","4238340217","SABLE","UNKNOWN",null,null,null
"42383707122013","4238370712","EP","UNKNOWN",null,null,null
"42383708672014","4238370867","BOLD","UNKNOWN",null,null,null
"42383720102014","4238372010","LAREDO","UNKNOWN",null,null,null
"42383722082014","4238372208","ENDURING","UNKNOWN",null,null,null
"42383722712014","4238372271","ENDURING","UNKNOWN",null,null,null
"42383722822014","4238372282","ENDURING","UNKNOWN",null,null,null
"42383722832014","4238372283","ENDURING","UNKNOWN",null,null,null
"42383792552014","4238379255","APACHE","UNKNOWN",null,null,null
"42461303700100","4246130370","CHEVRON","UNKNOWN",828,5/1/1978,5174
"42461323720100","4246132372","XTO","STRAWN+",90,12/1/1985,314489
"42461327890100","4246132789","ARCO","UNKNOWN",null,6/1/1988,null
"42461350190000","4246135019","EOG","UNKNOWN",null,null,null
"42461350410000","4246135041","EOG","UNKNOWN",null,null,null
"42461350660000","4246135066","HUNT OIL","UNKNOWN",null,null,null
"42383346100000","4238334610","PIONEER","SPBY_L_SILT",null,null,null
"42383346100100","4238334610","PIONEER","SPBY_L_SILT",1410,9/1/1997,1617
"42383347690000","4238334769","PIONEER","SPBY_L_SILT",null,null,null
"42383347690100","4238334769","PIONEER","SPBY_L_SILT",null,null,null
"42383352120000","4238335212","KERRMCGEE","STRAWN+",null,null,null
"42383352120100","4238335212","KERRMCGEE","STRAWN+",2742,1/1/2003,53
"42461006540100","4246100654","CHEVRON","UNKNOWN",930,6/1/1978,1940
"42461006560100","4246100656","CHEVRON","UNKNOWN",1010,6/1/1978,5926
"42461043070100","4246104307","APACHE","STRAWN+",1524,1/1/1958,50389
"42461318700100","4246131870","BRIDWELL","STRAWN+",2748,11/1/1982,523
"42461322260100","4246132226","CHEVRON","UNKNOWN",1358,9/1/1984,3380
"42461322490100","4246132249","CHEVRON","UNKNOWN",null,11/1/1984,null
"42461322500100","4246132250","CHEVRON","UNKNOWN",1255,3/1/1985,1132
"42461341310000","4246134131","EOG","STRAWN+",null,null,null
"42461341310100","4246134131","EOG","UNKNOWN",3159,5/1/2001,1250
"42461341540000","4246134154","EOG","UNKNOWN",4272,null,null
"42461341550000","4246134155","CHEVRON","STRAWN+",null,null,null
"42461341610000","4246134161","APACHE","STRAWN+",null,null,null
"42461341670000","4246134167","CHEVRON","STRAWN+",3816,10/1/2001,530
"42461341790000","4246134179","NEARBURG","UNKNOWN",null,null,null
"42461341930100","4246134193","APACHE","STRAWN+",null,null,null
"42461341940000","4246134194","ENDEAVOR","STRAWN+",null,null,null
"42461342070000","4246134207","ARCO","UNKNOWN",null,null,null
"42461342080000","4246134208","CMS","UNKNOWN",null,null,null
"42461342100000","4246134210","EXXON","STRAWN+",null,null,null
"42461342410000","4246134241","CHEVRON","STRAWN+",null,null,null
"42461342410001","4246134241","CHEVRON","UNKNOWN",3066,3/1/2002,5760
"42461342440000","4246134244","EOG","STRAWN+",null,null,null
"42461342440100","4246134244","EOG","STRAWN+",null,null,null
"42461342440200","4246134244","EOG","STRAWN+",null,null,null
"42461342460000","4246134246","BP","UNKNOWN",null,null,null
"42461342480000","4246134248","EOG","STRAWN+",null,null,null
"42461342600000","4246134260","EXXON","UNKNOWN",null,null,null
"42461342730000","4246134273","EOG","STRAWN+",null,null,null
"42461342740000","4246134274","EOG","STRAWN+",null,null,null
"42461342790000","4246134279","EOG","STRAWN+",null,null,null
"42461342870000","4246134287","J M COX","UNKNOWN",3698,8/1/2003,148
"42461343110000","4246134311","PIONEER","STRAWN+",null,null,null
"42461343140000","4246134314","EOG","STRAWN+",null,null,null
"42461343140100","4246134314","EOG","STRAWN+",null,null,null
"42461343180000","4246134318","EOG","STRAWN+",null,null,null
"42461343240000","4246134324","EOG","STRAWN+",null,null,null
"42461343280000","4246134328","EOG","STRAWN+",null,null,null
"42461343320000","4246134332","EOG","STRAWN+",null,null,null
"42461343350000","4246134335","DRIFTWOOD","STRAWN+",null,null,null
"42461343360000","4246134336","CHEVRON","STRAWN+",null,null,null
"42461343360100","4246134336","CHEVRON","STRAWN+",null,null,null
"42461343380000","4246134338","EXXON","UNKNOWN",null,null,null
"42461343450000","4246134345","CHEVRON","STRAWN+",null,null,null
"42461343450100","4246134345","CHEVRON","STRAWN+",2758,6/1/2003,330
"42461343460000","4246134346","PURE","UNKNOWN",null,null,null
"42461343470000","4246134347","CHEVRON","STRAWN+",null,null,null
"42461343480000","4246134348","EOG","STRAWN+",null,null,null
"42461343550000","4246134355","EOG","STRAWN+",null,null,null
"42461343550001","4246134355","EOG","UNKNOWN",2850,3/1/2003,2650
"42461343590000","4246134359","CHEVRON","STRAWN+",null,null,null
"42461343597100","4246134359","CHEVRON","STRAWN+",2903,4/1/2003,3501
"42461343670000","4246134367","EOG","STRAWN+",null,null,null
"42461343690000","4246134369","CALLON","STRAWN+",null,null,null
"42461343690001","4246134369","CALLON","UNKNOWN",null,null,null
"42461343690002","4246134369","CALLON","UNKNOWN",52,6/1/2003,52173
"42461343700000","4246134370","EOG","STRAWN+",null,null,null
"42461343750000","4246134375","EOG","STRAWN+",null,null,null
"42461343770000","4246134377","EOG","STRAWN+",null,null,null
"42461343860000","4246134386","CALLON","UNKNOWN",null,null,null
"42461343860001","4246134386","CALLON","UNKNOWN",3261,8/1/2003,1720
"42461343870000","4246134387","EOG","STRAWN+",null,null,null
"42461343880000","4246134388","CHEVRON","STRAWN+",null,null,null
"42461343890000","4246134389","EOG","STRAWN+",null,null,null
"42461343920000","4246134392","EOG","STRAWN+",null,null,null
"42461343930000","4246134393","EOG","STRAWN+",null,null,null
"42461343940000","4246134394","EOG","STRAWN+",null,null,null
"42461343950000","4246134395","EOG","STRAWN+",null,null,null
"42461343980100","4246134398","EOG","STRAWN+",null,null,null
"42461344010000","4246134401","EOG","STRAWN+",null,null,null
"42461344180000","4246134418","CHEVRON","UNKNOWN",null,null,null
"42461344220000","4246134422","EOG","STRAWN+",null,null,null
"42461344230000","4246134423","EOG","UNKNOWN",null,null,null
"42461344260000","4246134426","EOG","STRAWN+",null,null,null
"42461344260100","4246134426","EOG","STRAWN+",null,null,null
"42461344510000","4246134451","EOG","STRAWN+",null,null,null
"42461344610000","4246134461","HENRY","STRAWN+",null,null,null
"42461344640000","4246134464","EOG","STRAWN+",null,null,null
"42461344730000","4246134473","EOG","STRAWN+",null,null,null
"42461344850000","4246134485","EOG","STRAWN+",null,null,null
"42461344940000","4246134494","EOG","STRAWN+",null,null,null
"42461345010000","4246134501","EOG","STRAWN+",null,null,null
"42461345060000","4246134506","SM","STRAWN+",null,null,null
"42461345060001","4246134506","LEGACY","UNKNOWN",3168,6/1/2004,3760
"42461345070000","4246134507","EOG","STRAWN+",null,null,null
"42461345200000","4246134520","SUMMIT","STRAWN+",null,null,null
"42461345350000","4246134535","EOG","STRAWN+",null,null,null
"42461345470000","4246134547","EOG","UNKNOWN",null,null,null
"42461345500000","4246134550","EOG","STRAWN+",null,null,null
"42461345610000","4246134561","EOG","STRAWN+",null,null,null
"42461345620000","4246134562","EOG","STRAWN+",null,null,null
"42461345620100","4246134562","EOG","STRAWN+",null,null,null
"42461345680000","4246134568","SOUTHWEST","STRAWN+",null,null,null
"42461345820000","4246134582","LEGACY","STRAWN+",2772,3/1/2005,11313
"42461346310000","4246134631","EOG","STRAWN+",null,null,null
"42461346360000","4246134636","EOG","STRAWN+",null,null,null
"42461346480000","4246134648","EOG","STRAWN+",null,null,null
"42461346490000","4246134649","SM","STRAWN+",null,null,null
"42461346590000","4246134659","EOG","UNKNOWN",null,null,null
"42461346680000","4246134668","EOG","STRAWN+",null,null,null
"42461346750000","4246134675","FOREST","UNKNOWN",null,null,null
"42461350770000","4246135077","XTO","STRAWN+",null,null,null
"42461350860000","4246135086","XTO","STRAWN+",null,null,null
"42461351210000","4246135121","XTO","STRAWN+",null,null,null
"42461351210100","4246135121","XTO","STRAWN+",1241,8/1/2007,8691
"42461351750000","4246135175","XTO","STRAWN+",null,null,null
"42461351750100","4246135175","XTO","STRAWN+",3453,8/1/2007,3911
"42461352990100","4246135299","PIONEER","STRAWN+",null,null,null
"42461352990200","4246135299","PIONEER","UNKNOWN",2918,11/1/2007,799
"42461354030000","4246135403","XTO","STRAWN+",3884,1/1/2008,168
"42461354780100","4246135478","CHEVRON","UNKNOWN",0,null,null
"42461356660000","4246135666","XTO","STRAWN+",3500,11/1/2008,4554
"42461357440000","4246135744","HUNT OIL","UNKNOWN",null,null,null
"42461357680000","4246135768","XTO","STRAWN+",4050,3/1/2009,null
"42461357910000","4246135791","ENCORE","UNKNOWN",null,null,null
"42461358800000","4246135880","ENCORE","STRAWN+",null,null,null
"42461359010000","4246135901","XTO","STRAWN+",3953,2/1/2009,4479
"42461359850000","4246135985","HUNT OIL","UNKNOWN",null,null,null
"42461360030000","4246136003","HUNT OIL","STRAWN+",3053,10/1/2008,3832
"42461360320000","4246136032","ENCORE","UNKNOWN",null,null,null
"42461360330000","4246136033","ENCORE","UNKNOWN",null,null,null
"42461360580000","4246136058","ENCORE","UNKNOWN",null,null,null
"42461360800000","4246136080","BREITBURN","STRAWN+",null,null,null
"42461399120000","4246139912","PIONEER","UNKNOWN",null,null,null
"42461399130000","4246139913","PIONEER","UNKNOWN",null,null,null
"42461399140000","4246139914","PIONEER","UNKNOWN",null,null,null
"42461399170000","4246139917","PARSLEY","UNKNOWN",null,null,null
"42461399210000","4246139921","PIONEER","UNKNOWN",null,null,null
"42461399220000","4246139922","PIONEER","UNKNOWN",null,null,null
"42461399230000","4246139923","PIONEER","UNKNOWN",null,null,null
"42461399250000","4246139925","PIONEER","UNKNOWN",null,null,null
"42461399260000","4246139926","PIONEER","UNKNOWN",null,null,null
"42461399270000","4246139927","PIONEER","UNKNOWN",null,null,null
"42461399370000","4246139937","PIONEER","UNKNOWN",null,null,null
"42461399450000","4246139945","PARSLEY","WFMP_B",null,null,null
"42461399457000","4246139945","PARSLEY","UNKNOWN",4410,3/1/2015,13526
"42461399460000","4246139946","COG","UNKNOWN",null,null,null
"42461399470000","4246139947","SM","UNKNOWN",null,null,null
"42461399530000","4246139953","CALLON","WFMP_B_LOWER",null,null,null
"42461399540000","4246139954","CALLON","UNKNOWN",null,null,null
"42461399550000","4246139955","CALLON","UNKNOWN",null,null,null
"42461399570000","4246139957","CALLON","UNKNOWN",null,null,null
"42461399640000","4246139964","COG","UNKNOWN",null,null,null
"42461399650000","4246139965","APACHE","UNKNOWN",null,null,null
"42461399670000","4246139967","APACHE","UNKNOWN",null,null,null
"42461399740000","4246139974","PIONEER","UNKNOWN",null,null,null
"42461399780000","4246139978","PIONEER","UNKNOWN",null,null,null
"42461399850000","4246139985","COG","WFMP_B_LOWER",null,null,null
"42461399860000","4246139986","APACHE","UNKNOWN",null,null,null
"42461399900000","4246139990","APACHE","UNKNOWN",null,null,null
"42461399970000","4246139997","SM","UNKNOWN",null,null,null
"42461399980000","4246139998","SM","UNKNOWN",null,null,null
"42461400020000","4246140002","DISCOVERY","UNKNOWN",null,null,null
"42461400190000","4246140019","APACHE","UNKNOWN",null,null,null
"42461400200000","4246140020","APACHE","UNKNOWN",null,null,null
"42461400210000","4246140021","SM","UNKNOWN",null,null,null
"42461400220000","4246140022","SM","UNKNOWN",null,null,null
"42461400280000","4246140028","COG","UNKNOWN",null,null,null
"42461400290000","4246140029","PIONEER","UNKNOWN",null,null,null
"42461400310000","4246140031","PIONEER","UNKNOWN",null,null,null
"42461400320000","4246140032","PIONEER","UNKNOWN",null,null,null
"42461400330000","4246140033","PIONEER","UNKNOWN",null,null,null
"42461400340000","4246140034","PIONEER","UNKNOWN",null,null,null
"42461400350000","4246140035","PIONEER","UNKNOWN",null,null,null
"42461400530000","4246140053","APACHE","UNKNOWN",null,null,null
"42461400540000","4246140054","APACHE","UNKNOWN",null,null,null
"42461400560000","4246140056","APACHE","UNKNOWN",null,null,null
"42461400570000","4246140057","PIONEER","WFMP_B",null,null,null
"42461400630000","4246140063","APACHE","UNKNOWN",null,null,null
"42461400640000","4246140064","APACHE","UNKNOWN",null,null,null
"42461400680000","4246140068","HENRY","UNKNOWN",null,null,null
"42461400710000","4246140071","SILVER CREEK","UNKNOWN",null,null,null
"42461400730000","4246140073","COG","UNKNOWN",null,null,null
"42461400940000","4246140094","PIONEER","UNKNOWN",null,null,null
"42461400950000","4246140095","PIONEER","UNKNOWN",null,null,null
"42461400970000","4246140097","PIONEER","UNKNOWN",null,null,null
"42461400980000","4246140098","PIONEER","UNKNOWN",null,null,null
"42461400990000","4246140099","PIONEER","UNKNOWN",null,null,null
"42461401000000","4246140100","PIONEER","UNKNOWN",null,null,null
"42461401010000","4246140101","PIONEER","UNKNOWN",null,null,null
"42461401020000","4246140102","PIONEER","UNKNOWN",null,null,null
"42461401040000","4246140104","PIONEER","UNKNOWN",null,null,null
"42461401050000","4246140105","PIONEER","UNKNOWN",null,null,null
"42461401070000","4246140107","APACHE","UNKNOWN",null,null,null
"42461401090000","4246140109","PIONEER","UNKNOWN",null,null,null
"42461401100000","4246140110","PIONEER","UNKNOWN",null,null,null
"42461401110000","4246140111","PIONEER","UNKNOWN",null,null,null
"42461401120000","4246140112","PIONEER","UNKNOWN",null,null,null
"42461401130000","4246140113","PIONEER","WFMP_B",null,null,null
"42461401150000","4246140115","PIONEER","WFMP_C",null,null,null
"42461401290000","4246140129","PIONEER","UNKNOWN",0,9/1/2015,null
"42461401350100","4246140135","PIONEER","WFMP_B_LOWER",9967,1/1/2016,null
"42461401370000","4246140137","PARSLEY","WFMP_B_LOWER",null,null,null
"42461401420000","4246140142","SILVER CREEK","UNKNOWN",null,null,null
"42461401490000","4246140149","APACHE","UNKNOWN",null,null,null
"42461401570000","4246140157","PIONEER","WFMP_B_LOWER",null,null,null
"42461401760000","4246140176","APACHE","UNKNOWN",null,null,null
"42461401920000","4246140192","HENRY","UNKNOWN",null,null,null
"42461401967000","4246140196","PIONEER","WFMP_B_LOWER",9604,6/1/2016,11612
"42461401990000","4246140199","PIONEER","UNKNOWN",null,null,null
"42461402000000","4246140200","PIONEER","UNKNOWN",null,null,null
"42461402100000","4246140210","PARSLEY","UNKNOWN",null,null,null
"42461402140000","4246140214","PARSLEY","UNKNOWN",null,null,null
"42461402167000","4246140216","PARSLEY","WFMP_B_LOWER",4749,4/1/2016,16381
"42461402180000","4246140218","PARSLEY","UNKNOWN",null,null,null
"42461383580000","4246138358","PIONEER","UNKNOWN",null,null,null
"42461389450000","4246138945","COG","UNKNOWN",null,null,null
"42461389640000","4246138964","MARSHFIELD","UNKNOWN",null,null,null
"42461389650000","4246138965","MARSHFIELD","UNKNOWN",null,null,null
"42461389680000","4246138968","MARSHFIELD","UNKNOWN",null,null,null
"42461390200000","4246139020","PIONEER","WFMP_B_LOWER",null,null,null
"42461390640000","4246139064","APACHE","UNKNOWN",null,null,null
"42461390720000","4246139072","PIONEER","UNKNOWN",null,null,null
"42461390890000","4246139089","PIONEER","UNKNOWN",null,null,null
"42461391260000","4246139126","PIONEER","UNKNOWN",null,null,null
"42461391550000","4246139155","PIONEER","UNKNOWN",null,null,null
"42461391580000","4246139158","PIONEER","UNKNOWN",null,null,null
"42461391770000","4246139177","COG","UNKNOWN",null,null,null
"42461391820000","4246139182","APACHE","WFMP_B",null,null,null
"42461391827000","4246139182","APACHE","UNKNOWN",5026,8/1/2014,9953
"42461392110000","4246139211","ENDEAVOR","UNKNOWN",null,null,null
"42461392440000","4246139244","COG","UNKNOWN",null,null,null
"42461392960000","4246139296","OPAL","STRAWN+",null,null,null
"42461392980000","4246139298","PIONEER","UNKNOWN",null,null,null
"42461393020000","4246139302","COG","WFMP_B",null,null,null
"42461393027000","4246139302","COG","WFMP_B",5094,8/1/2014,22919
"42461393080000","4246139308","PIONEER","UNKNOWN",null,null,null
"42461393090000","4246139309","PIONEER","UNKNOWN",null,null,null
"42461393330000","4246139333","PIONEER","WFMP_B",null,null,null
"42461393337000","4246139333","PIONEER","WFMP_B",7322,6/1/2014,9476
"42461393380000","4246139338","SM","UNKNOWN",null,null,null
"42461393590000","4246139359","SM","UNKNOWN",null,null,null
"42461393810000","4246139381","PIONEER","UNKNOWN",null,null,null
"42461394140000","4246139414","PIONEER","UNKNOWN",null,null,null
"42461394450000","4246139445","PIONEER","UNKNOWN",null,null,null
"42461394450100","4246139445","PIONEER","UNKNOWN",null,null,null
"42461394590000","4246139459","COG","UNKNOWN",null,null,null
"42461394670000","4246139467","PIONEER","UNKNOWN",null,null,null
"42461394750000","4246139475","SM","UNKNOWN",null,null,null
"42461394970000","4246139497","APACHE","UNKNOWN",null,null,null
"42461394980100","4246139498","APACHE","UNKNOWN",2,1/1/2015,867500
"42461395040000","4246139504","CALLON","UNKNOWN",null,null,null
"42461395360000","4246139536","XTO","UNKNOWN",null,null,null
"42461395370000","4246139537","XTO","UNKNOWN",null,null,null
"42461395430000","4246139543","PIONEER","UNKNOWN",null,null,null
"42461395470000","4246139547","DIAMONDBACK","UNKNOWN",null,null,null
"42461395510000","4246139551","DIAMONDBACK","UNKNOWN",null,null,null
"42461395540000","4246139554","ATHLON ENERGY","UNKNOWN",null,null,null
"42461395620000","4246139562","PIONEER","UNKNOWN",null,null,null
"42461395690000","4246139569","DIAMONDBACK","UNKNOWN",null,null,null
"42461395740000","4246139574","DIAMONDBACK","UNKNOWN",null,null,null
"42461395860000","4246139586","DIAMONDBACK","UNKNOWN",null,null,null
"42461395890100","4246139589","APACHE","UNKNOWN",4692,7/1/2015,null
"42461395900000","4246139590","APACHE","UNKNOWN",null,null,null
"42461396000000","4246139600","PIONEER","UNKNOWN",null,null,null
"42461396010000","4246139601","PIONEER","UNKNOWN",null,null,null
"42461396020000","4246139602","PIONEER","UNKNOWN",null,null,null
"42461396030000","4246139603","PIONEER","UNKNOWN",null,null,null
"42461396040000","4246139604","PIONEER","UNKNOWN",null,null,null
"42461396200000","4246139620","PIONEER","UNKNOWN",null,null,null
"42461396250000","4246139625","PIONEER","UNKNOWN",null,null,null
"42461396280000","4246139628","PIONEER","UNKNOWN",null,null,null
"42461396350000","4246139635","PIONEER","UNKNOWN",null,null,null
"42461396410000","4246139641","COG","UNKNOWN",null,null,null
"42461396590000","4246139659","SM","UNKNOWN",null,null,null
"42461396640000","4246139664","COG","UNKNOWN",null,null,null
"42461396660000","4246139666","COG","UNKNOWN",null,null,null
"42461396820000","4246139682","PIONEER","UNKNOWN",null,null,null
"42461396830000","4246139683","ATHLON ENERGY","UNKNOWN",null,null,null
"42461396870000","4246139687","CAPSTONE","UNKNOWN",3959,3/1/2015,957
"42461396880000","4246139688","SILVER CREEK","UNKNOWN",null,null,null
"42461396890000","4246139689","SILVER CREEK","UNKNOWN",null,null,null
"42461396900000","4246139690","SILVER CREEK","UNKNOWN",null,null,null
"42461397050000","4246139705","SILVER CREEK","UNKNOWN",null,null,null
"42461397060000","4246139706","SILVER CREEK","UNKNOWN",null,null,null
"42461397080000","4246139708","PARSLEY","UNKNOWN",null,null,null
"42461397120000","4246139712","PARSLEY","UNKNOWN",null,null,null
"42461397400000","4246139740","PARSLEY","STRAWN+",null,null,null
"42461397400100","4246139740","PARSLEY","STRAWN+",null,null,null
"42461397410000","4246139741","DIAMONDBACK","WFMP_A",null,null,null
"42461397820000","4246139782","SILVER CREEK","UNKNOWN",null,null,null
"42461397830000","4246139783","SILVER CREEK","UNKNOWN",null,null,null
"42461397840000","4246139784","PIONEER","UNKNOWN",null,null,null
"42461397850000","4246139785","PIONEER","UNKNOWN",null,null,null
"42461397860000","4246139786","SILVER CREEK","UNKNOWN",null,null,null
"42461397900000","4246139790","PARSLEY","UNKNOWN",null,null,null
"42461397910000","4246139791","PIONEER","UNKNOWN",null,null,null
"42461397920000","4246139792","PIONEER","UNKNOWN",null,null,null
"42461397930000","4246139793","PIONEER","UNKNOWN",null,null,null
"42461398110000","4246139811","PIONEER","UNKNOWN",null,null,null
"42461398180000","4246139818","PIONEER","UNKNOWN",null,null,null
"42461398210000","4246139821","PIONEER","UNKNOWN",null,null,null
"42461398460000","4246139846","PIONEER","UNKNOWN",null,null,null
"42461398520000","4246139852","DIAMONDBACK","UNKNOWN",null,null,null
"42461398530000","4246139853","DIAMONDBACK","UNKNOWN",null,null,null
"42461398570000","4246139857","SILVER CREEK","UNKNOWN",null,null,null
"42461398620000","4246139862","PIONEER","UNKNOWN",null,null,null
"42461398630000","4246139863","PIONEER","UNKNOWN",null,null,null
"42461398760000","4246139876","ATHLON ENERGY","UNKNOWN",null,null,null
"42461398820000","4246139882","PIONEER","UNKNOWN",null,null,null
"42461398830000","4246139883","PARSLEY","UNKNOWN",null,null,null
"42461398890000","4246139889","APACHE","UNKNOWN",null,null,null
"42461398900000","4246139890","APACHE","UNKNOWN",null,null,null
"42461398910000","4246139891","APACHE","UNKNOWN",null,null,null
"42461398920000","4246139892","APACHE","UNKNOWN",null,null,null
"42461398950000","4246139895","APACHE","UNKNOWN",null,null,null
"42461398960000","4246139896","APACHE","UNKNOWN",null,null,null
"42461398990000","4246139899","APACHE","UNKNOWN",null,null,null
"42461399000000","4246139900","APACHE","UNKNOWN",null,null,null
"42461399060000","4246139906","CALLON","UNKNOWN",null,null,null
"42383391360000","4238339136","PIONEER","UNKNOWN",null,null,null
"42383391370000","4238339137","PIONEER","UNKNOWN",null,null,null
"42383391380000","4238339138","PIONEER","UNKNOWN",null,null,null
"42383391390000","4238339139","PIONEER","UNKNOWN",null,null,null
"42383391400000","4238339140","CALLON","UNKNOWN",null,null,null
"42383391430000","4238339143","AMERICAN","UNKNOWN",null,null,null
"42383391440000","4238339144","LAREDO","UNKNOWN",null,null,null
"42383391450000","4238339145","LAREDO","UNKNOWN",null,null,null
"42383391600000","4238339160","AMERICAN","UNKNOWN",null,null,null
"42383391610000","4238339161","AMERICAN","UNKNOWN",null,null,null
"42383391620000","4238339162","AMERICAN","UNKNOWN",null,null,null
"42383391630000","4238339163","LAREDO","WFMP_B_LOWER",null,null,null
"42383391640000","4238339164","LAREDO","UNKNOWN",null,null,null
"42383391650000","4238339165","LAREDO","UNKNOWN",null,null,null
"42383391660000","4238339166","LAREDO","UNKNOWN",null,null,null
"42383391670000","4238339167","LAREDO","UNKNOWN",null,null,null
"42383391680000","4238339168","LAREDO","UNKNOWN",null,null,null
"42383391690000","4238339169","LAREDO","UNKNOWN",null,null,null
"42383391700000","4238339170","LAREDO","UNKNOWN",null,null,null
"42383391710000","4238339171","LAREDO","UNKNOWN",null,null,null
"42383391720000","4238339172","LAREDO","UNKNOWN",null,null,null
"42383391730000","4238339173","LAREDO","UNKNOWN",null,null,null
"42383391740000","4238339174","LAREDO","UNKNOWN",null,null,null
"42383391750000","4238339175","AMERICAN","UNKNOWN",null,null,null
"42383391830000","4238339183","PIONEER","UNKNOWN",null,null,null
"42383391850000","4238339185","APACHE","UNKNOWN",null,null,null
"42383391860000","4238339186","APACHE","UNKNOWN",null,null,null
"42383391910000","4238339191","APACHE","UNKNOWN",null,null,null
"42383391970000","4238339197","LAREDO","WFMP_B",8714,2/1/2015,5297
"42383392010000","4238339201","APACHE","UNKNOWN",null,null,null
"42383392120000","4238339212","LAREDO","UNKNOWN",null,null,null
"42383392170000","4238339217","LAREDO","UNKNOWN",null,null,null
"42383392250000","4238339225","FDL","WFMP_B",null,null,null
"42383392290000","4238339229","LAREDO","UNKNOWN",null,null,null
"42383392340000","4238339234","APACHE","UNKNOWN",null,null,null
"42383392350000","4238339235","CALLON","UNKNOWN",null,null,null
"42383392360000","4238339236","CALLON","UNKNOWN",null,null,null
"42383392370000","4238339237","EOG","UNKNOWN",null,null,null
"42383392380000","4238339238","LAREDO","UNKNOWN",null,null,null
"42383392390000","4238339239","LAREDO","UNKNOWN",null,null,null
"42383392400000","4238339240","LAREDO","UNKNOWN",null,null,null
"42383392410000","4238339241","LAREDO","UNKNOWN",null,null,null
"42383392420000","4238339242","LAREDO","UNKNOWN",null,null,null
"42383392430000","4238339243","EOG","UNKNOWN",null,null,null
"42383392440000","4238339244","LAREDO","UNKNOWN",null,null,null
"42461004640100","4246100464","CHEVRON","UNKNOWN",null,6/1/1978,null
"42461304790100","4246130479","CHEVRON","UNKNOWN",2167,5/1/1978,151
"42461304870100","4246130487","CHEVRON","UNKNOWN",710,5/1/1978,2332
"42461305530100","4246130553","CHEVRON","UNKNOWN",null,5/1/1978,null
"42461306370100","4246130637","CHEVRON","UNKNOWN",null,5/1/1978,null
"42461312410100","4246131241","ARCO","UNKNOWN",null,null,null
"42461328440100","4246132844","EOG","STRAWN+",1377,1/1/1989,1080
"42461329930100","4246132993","CHEVRON","UNKNOWN",null,null,null
"42461330490100","4246133049","CHEVRON","UNKNOWN",null,null,null
"42461331240100","4246133124","CHEVRON","UNKNOWN",543,4/1/1991,648
"42461331730100","4246133173","DINERO","STRAWN+",2192,8/1/1991,1861
"42461331840100","4246133184","CHEVRON","UNKNOWN",null,null,null
"42461332080100","4246133208","CHEVRON","UNKNOWN",1028,3/1/1992,817
"42461332510100","4246133251","CHEVRON","UNKNOWN",null,7/1/1992,null
"42461333070000","4246133307","COBRA","WFMP_B",285,12/1/1992,null
"42461333640100","4246133364","MOBIL","STRAWN+",null,null,null
"42461333690100","4246133369","MOBIL","STRAWN+",null,null,null
"42461362660000","4246136266","HUNT OIL","UNKNOWN",null,null,null
"42461362910000","4246136291","HUNT OIL","UNKNOWN",null,null,null
"42461363120000","4246136312","ENCORE","UNKNOWN",null,null,null
"42461365010000","4246136501","ENCORE","UNKNOWN",null,null,null
"42461366070000","4246136607","ENCORE","UNKNOWN",null,null,null
"42461368870000","4246136887","QUANTUM","UNKNOWN",null,null,null
"42461368880000","4246136888","QUANTUM","UNKNOWN",null,null,null
"42461371510100","4246137151","ALPHA","UNKNOWN",null,4/1/2011,null
"42461373720000","4246137372","ROCK","UNKNOWN",null,null,null
"42461373880000","4246137388","ROCK","UNKNOWN",null,null,null
"42461373890000","4246137389","ROCK","UNKNOWN",null,null,null
"42461373900000","4246137390","ROCK","UNKNOWN",null,null,null
"42461375200000","4246137520","ROCK","UNKNOWN",null,null,null
"42461377170000","4246137717","ROCK","UNKNOWN",null,null,null
"42461377240000","4246137724","ROCK","UNKNOWN",null,null,null
"42461378870000","4246137887","PIONEER","UNKNOWN",null,null,null
"42461379280000","4246137928","PIONEER","UNKNOWN",null,null,null
"42461379600000","4246137960","COG","WFMP_B",null,null,null
"42461380340000","4246138034","DEVON","WFMP_B_LOWER",2886,11/1/2012,1011
"42383000230100","4238300023","PIONEER","SPBY_L_SILT",1391,1/1/1970,2740
"42383000240100","4238300024","PIONEER","SPBY_JO_MILL",1601,1/1/1970,1075
"42383000310100","4238300031","PIONEER","SPBY_L_SILT",1558,1/1/1970,1557
"42383010910100","4238301091","PIONEER","SPBY_JO_MILL",null,1/1/1970,null
"42383013070200","4238301307","PIONEER","SPBY_L_SILT",1183,2/1/1978,1701
"42383351250000","4238335125","GAGE","STRAWN+",3101,10/1/2001,1455
"42383351710100","4238335171","APACHE","STRAWN+",2562,9/1/2001,212
"42383375550100","4238337555","PIONEER","WFMP_A",6062,8/1/2012,4310
"42383375610000","4238337561","PIONEER","WFMP_B",6422,5/1/2012,4463
"42383375630000","4238337563","PIONEER","WFMP_B",6422,6/1/2012,4936
"42383375640000","4238337564","PIONEER","WFMP_B",6577,6/1/2012,6629
"42383375650000","4238337565","PIONEER","WFMP_B",6362,9/1/2012,6193
"42383375670000","4238337567","EP","WFMP_B",7307,4/1/2012,1408
"42383375790100","4238337579","EP","WFMP_B",6740,5/1/2012,697
"42383375810000","4238337581","EP","WFMP_B",6321,3/1/2012,1431
"42383375850000","4238337585","LAREDO","WFMP_A",3698,4/1/2012,20311
"42383375930001","4238337593","LAREDO","UNKNOWN",3937,3/1/2012,14141
"42383375940100","4238337594","SEM","WFMP_B",7690,9/1/2012,4291
"42383376270000","4238337627","LAREDO","WFMP_A",3693,4/1/2012,7875
"42383376430000","4238337643","SEM","WFMP_B",7699,9/1/2012,5976
"42383376580000","4238337658","PIONEER","WFMP_A",7005,1/1/2013,3835
"42383376590000","4238337659","PIONEER","WFMP_A",6902,9/1/2012,3801
"42461402260000","4246140226","PARSLEY","UNKNOWN",null,null,null
"42461402410000","4246140241","COG","UNKNOWN",null,null,null
"42461402580000","4246140258","COG","WFMP_B",null,null,null
"42461402590000","4246140259","PARSLEY","UNKNOWN",null,null,null
"42461402607000","4246140260","PARSLEY","WFMP_B_LOWER",10322,4/1/2016,11028
"42461402680000","4246140268","PARSLEY","WFMP_B_LOWER",null,null,null
"42461403210000","4246140321","ENDEAVOR","UNKNOWN",null,null,null
"42461403220000","4246140322","ENDEAVOR","UNKNOWN",null,null,null
"42461403280000","4246140328","ENDEAVOR","UNKNOWN",null,null,null
"42461403650000","4246140365","PIONEER","SPBY_JO_MILL",null,null,null
"42461404160100","4246140416","ENDEAVOR","WFMP_B_LOWER",null,null,null
"42461404180000","4246140418","BOLD","WFMP_B_LOWER",null,null,null
"42461404180100","4246140418","BOLD","WFMP_B_LOWER",null,null,null
"42461404220000","4246140422","PIONEER","WFMP_C",null,null,null
"42461404790000","4246140479","APACHE","WFMP_B_LOWER",null,null,null
"42461405130000","4246140513","COG","WFMP_B",null,null,null
"42461406030000","4246140603","XTO","UNKNOWN",null,null,null
"42461406030100","4246140603","XTO","WFMP_A",null,null,null
"42461704332012","4246170433","COG","UNKNOWN",null,null,null
"42461727332014","4246172733","PIONEER","UNKNOWN",null,null,null
"42461727612014","4246172761","PIONEER","UNKNOWN",null,null,null
"42461728132012","4246172813","PIONEER","UNKNOWN",null,null,null
"42461735842013","4246173584","PIONEER","UNKNOWN",null,null,null
"42461736932013","4246173693","PIONEER","UNKNOWN",null,null,null
"42461737792013","4246173779","PIONEER","UNKNOWN",null,null,null
"42461779022014","4246177902","PIONEER","UNKNOWN",null,null,null
"42461779032014","4246177903","PIONEER","UNKNOWN",null,null,null
"42461780312014","4246178031","PIONEER","UNKNOWN",null,null,null
"42461780322014","4246178032","PIONEER","UNKNOWN",null,null,null
"42461781962014","4246178196","PIONEER","UNKNOWN",null,null,null
"42461781972014","4246178197","PIONEER","UNKNOWN",null,null,null
"42383015670100","4238301567","GAGE","STRAWN+",null,1/1/1958,null
"42383382020000","4238338202","PIONEER","WFMP_B",7142,5/1/2013,4813
"42383382030000","4238338203","SABLE","WFMP_B",8761,8/1/2013,9727
"42383382040000","4238338204","AMERICAN","UNKNOWN",0,null,null
"42383382120000","4238338212","CALLON","WFMP_B",4640,8/1/2013,5257
"42383382140000","4238338214","SABLE","WFMP_B",10321,10/1/2014,2238
"42383382150000","4238338215","FDL","WFMP_B",7142,5/1/2014,3272
"42383382160000","4238338216","FDL","WFMP_B",7142,4/1/2014,2794
"42383382170000","4238338217","FDL","WFMP_B",6892,5/1/2014,2656
"42383382180000","4238338218","FDL","WFMP_B",7142,5/1/2014,2376
"42383382190000","4238338219","FDL","WFMP_B",7623,4/1/2014,3636
"42383382200000","4238338220","FDL","WFMP_B",7622,3/1/2014,3267
"42383382250000","4238338225","FDL","WFMP_B",8273,7/1/2017,4961
"42383382260100","4238338226","FDL","WFMP_B",7872,8/1/2017,7544
"42383382270001","4238338227","FDL","UNKNOWN",null,null,null
"42383382270100","4238338227","FDL","WFMP_B_LOWER",null,null,null
"42383382290000","4238338229","PIONEER","WFMP_B",7142,5/1/2013,3031
"42383382310000","4238338231","CALLON","WFMP_B",4404,7/1/2013,3851
"42383382320000","4238338232","CALLON","WFMP_B",5360,8/1/2013,4941
"42383382340000","4238338234","PIONEER","WFMP_B",7142,8/1/2013,8835
"42383382360000","4238338236","PIONEER","WFMP_B_LOWER",7442,9/1/2013,5908
"42383382380000","4238338238","PIONEER","WFMP_B_LOWER",7022,6/1/2013,3951
"42383382390000","4238338239","PIONEER","WFMP_B",7262,6/1/2013,3908
"42383382400000","4238338240","SABLE","WFMP_A",8881,2/1/2015,7948
"42383382420000","4238338242","PIONEER","WFMP_B",7682,8/1/2013,5972
"42383382440000","4238338244","SABLE","WFMP_B",7362,9/1/2013,9120
"42383382450000","4238338245","PIONEER","WFMP_B",7421,8/1/2013,5424
"42383382480000","4238338248","LAREDO","WFMP_A",7002,11/1/2013,3731
"42383382570000","4238338257","LAREDO","WFMP_C",7402,10/1/2013,20231
"42383382580100","4238338258","LAREDO","WFMP_B",6053,10/1/2013,4117
"42383382610000","4238338261","PIONEER","WFMP_B",7382,7/1/2013,5620
"42383382620000","4238338262","PIONEER","WFMP_B",7442,8/1/2013,3194
"42383382670000","4238338267","FDL","WFMP_B",9782,3/1/2014,5028
"42383382680000","4238338268","FDL","WFMP_B",9782,3/1/2014,4545
"42383382690000","4238338269","FDL","WFMP_B_LOWER",9542,3/1/2014,4992
"42383382700000","4238338270","SABLE","WFMP_B",9521,9/1/2013,2316
"42383382710000","4238338271","FDL","WFMP_B_LOWER",9542,3/1/2014,5247
"42383382730000","4238338273","FDL","WFMP_B_LOWER",9544,6/1/2014,2534
"42383382740000","4238338274","FDL","WFMP_B_LOWER",9784,6/1/2014,2333
"42383382750000","4238338275","PT","WFMP_B_LOWER",7415,4/1/2014,2588
"42383382760100","4238338276","PT","WFMP_B",9158,3/1/2014,3499
"42383382770100","4238338277","PT","WFMP_B_LOWER",7749,2/1/2014,1132
"42383382780000","4238338278","SABLE","UNKNOWN",0,3/1/2017,null
"42383382790000","4238338279","PIONEER","WFMP_B",7446,7/1/2013,4695
"42383382900200","4238338290","FDL","WFMP_B_LOWER",9482,10/1/2013,5047
"42383382910100","4238338291","FDL","WFMP_B_LOWER",9715,11/1/2013,3247
"42383382940000","4238338294","FDL","WFMP_B_LOWER",9543,11/1/2013,3710
"42383382950100","4238338295","FDL","WFMP_B_LOWER",9302,10/1/2013,4097
"42383382960100","4238338296","SABLE","WFMP_B",7878,12/1/2013,4015
"42383382970000","4238338297","SABLE","WFMP_A",7703,4/1/2014,3497
"42383383010000","4238338301","SABLE","WFMP_B",7741,12/1/2013,3353
"42383383020000","4238338302","SABLE","WFMP_A",7561,12/1/2013,4207
"42383383060000","4238338306","PIONEER","WFMP_B",9542,11/1/2013,11075
"42383383070000","4238338307","PIONEER","WFMP_A",9825,11/1/2013,4678
"42383383120000","4238338312","PIONEER","WFMP_B_LOWER",9842,11/1/2013,5173
"42383383130000","4238338313","PIONEER","WFMP_A",6542,11/1/2013,8826
"42383383140000","4238338314","PIONEER","WFMP_B_LOWER",6842,11/1/2013,12279
"42383383160000","4238338316","PIONEER","WFMP_B",6542,11/1/2013,9602
"42383383170000","4238338317","APACHE","WFMP_B_LOWER",7950,12/1/2014,3891
"42383383180000","4238338318","SABLE","WFMP_A",7683,12/1/2013,2913
"42383383210000","4238338321","APACHE","WFMP_B",6950,2/1/2014,5780
"42383383220000","4238338322","APACHE","WFMP_B",7658,1/1/2015,3688
"42383383260000","4238338326","PIONEER","WFMP_B",7442,8/1/2013,2625
"42383383270000","4238338327","SABLE","WFMP_A",9561,8/1/2014,3591
"42383383280000","4238338328","SABLE","WFMP_B",9459,9/1/2013,10516
"42383383290000","4238338329","SABLE","WFMP_A",9570,8/1/2014,3066
"42383383310000","4238338331","LAREDO","WFMP_B",7498,9/1/2013,7981
"42383376600000","4238337660","PIONEER","WFMP_B",7240,2/1/2013,4367
"42383376610000","4238337661","PIONEER","WFMP_B",6612,8/1/2012,4329
"42383376620000","4238337662","PIONEER","WFMP_B",6422,8/1/2012,5528
"42383376630000","4238337663","PIONEER","WFMP_B",7070,4/1/2013,5272
"42383376640000","4238337664","PIONEER","WFMP_B_LOWER",6911,1/1/2013,4946
"42383376720000","4238337672","SABLE","WFMP_B",7871,10/1/2012,4514
"42383376810000","4238337681","SABLE","WFMP_B",7731,9/1/2012,3757
"42383376890000","4238337689","PIONEER","WFMP_B_LOWER",6720,12/1/2012,6429
"42383376900000","4238337690","PIONEER","WFMP_A",6422,9/1/2012,2221
"42383376930000","4238337693","PIONEER","WFMP_B",7380,3/1/2013,7362
"42383376940000","4238337694","PIONEER","WFMP_B",7142,11/1/2012,5536
"42383377040000","4238337704","SABLE","WFMP_B",8781,11/1/2012,3617
"42383377080000","4238337708","SABLE","WFMP_A",6616,4/1/2015,10684
"42383377190000","4238337719","LAREDO","WFMP_A",7470,7/1/2012,5791
"42383377200000","4238337720","SABLE","WFMP_A",7666,6/1/2013,7133
"42383377230000","4238337723","LAREDO","WFMP_A",6938,7/1/2012,5358
"42383377270000","4238337727","SABLE","WFMP_B",7836,12/1/2012,3800
"42383377280000","4238337728","PIONEER","WFMP_B",6535,12/1/2012,3992
"42383377290000","4238337729","PIONEER","WFMP_A",7082,7/1/2013,2199
"42383377320000","4238337732","PIONEER","WFMP_B",9612,1/1/2013,7121
"42383377460000","4238337746","EP","WFMP_B",6971,11/1/2012,3843
"42383377540000","4238337754","SEM","WFMP_B",7770,12/1/2012,4063
"42383377550000","4238337755","SEM","WFMP_B",7735,7/1/2012,4394
"42383377560000","4238337756","SEM","WFMP_B",7828,12/1/2012,4210
"42383377580000","4238337758","LAREDO","WFMP_D",6968,7/1/2012,5337
"42383377590000","4238337759","SABLE","WFMP_A",7869,5/1/2013,4353
"42383377610000","4238337761","PIONEER","WFMP_B",7022,5/1/2013,2613
"42383377630000","4238337763","LAREDO","WFMP_B",6933,8/1/2012,8613
"42383377670000","4238337767","SABLE","WFMP_B",7662,2/1/2013,7012
"42383377770000","4238337777","LAREDO","WFMP_A",7021,8/1/2012,6134
"42383377950000","4238337795","PIONEER","WFMP_A",7005,1/1/2013,2548
"42383377980000","4238337798","PIONEER","WFMP_B",9860,3/1/2013,6185
"42383378000000","4238337800","SABLE","WFMP_A",5578,11/1/2014,3699
"42383378010000","4238337801","SABLE","WFMP_B",10494,8/1/2013,3642
"42383378020000","4238337802","SABLE","WFMP_A",7730,1/1/2014,3061
"42383378050000","4238337805","PIONEER","WFMP_B",7380,7/1/2013,4072
"42383378060000","4238337806","PIONEER","WFMP_B",7142,5/1/2013,5417
"42383378070000","4238337807","PIONEER","WFMP_B",7382,11/1/2013,2010
"42383378080000","4238337808","PIONEER","WFMP_B",6450,5/1/2013,5529
"42383378120000","4238337812","SABLE","WFMP_B",6121,4/1/2013,2537
"42383378180000","4238337818","FDL","WFMP_B",7562,4/1/2014,3635
"42383378200000","4238337820","SABLE","WFMP_B",5780,12/1/2012,7539
"42383378260000","4238337826","SABLE","WFMP_B_LOWER",6758,11/1/2013,15746
"42383378280000","4238337828","SEM","WFMP_A",7250,12/1/2012,4249
"42383378330000","4238337833","PIONEER","WFMP_B",7442,7/1/2013,2102
"42383378510000","4238337851","PT","WFMP_B",4973,11/1/2012,1805
"42383378560000","4238337856","LAREDO","WFMP_A",6648,9/1/2012,8595
"42383378700000","4238337870","FDL","WFMP_A",7607,9/1/2012,4151
"42383378730000","4238337873","PT","WFMP_B",4874,10/1/2012,2728
"42383378740000","4238337874","PIONEER","WFMP_B",7382,6/1/2013,6616
"42383378750000","4238337875","PIONEER","WFMP_B",7240,12/1/2012,3562
"42383378760000","4238337876","PIONEER","WFMP_B",7382,12/1/2012,8748
"42383378780000","4238337878","LAREDO","WFMP_A",6923,10/1/2012,8323
"42383378990000","4238337899","LAREDO","WFMP_A",7473,10/1/2012,7952
"42383379020000","4238337902","SABLE","WFMP_B",7586,3/1/2013,3769
"42383379100000","4238337910","FDL","WFMP_B",7863,10/1/2012,4173
"42383379110000","4238337911","FDL","WFMP_A",7823,11/1/2012,2009
"42383379230000","4238337923","LAREDO","WFMP_B",7748,11/1/2012,10307
"42383379360000","4238337936","EP","WFMP_B",7370,11/1/2012,4981
"42383379390100","4238337939","SABLE","WFMP_B",9534,8/1/2014,3778
"42383379400000","4238337940","SABLE","WFMP_B",9861,9/1/2015,6104
"42383379550000","4238337955","SABLE","WFMP_B",6720,3/1/2015,3984
"42383379580100","4238337958","SABLE","WFMP_B",9561,8/1/2013,9222
